id,target
0,0.23016296
2,0.23016296
3,0.23016296
9,0.23016296
11,0.23016296
12,0.23016296
21,0.23016296
22,0.23016296
27,0.23016296
29,0.23016296
30,0.23016296
35,0.23016296
42,0.23016296
43,0.23016296
45,0.23016296
46,0.23016296
47,0.23016296
51,0.23016296
58,0.23016296
60,0.23016296
69,0.23016296
70,0.23016296
72,0.23016296
75,0.23016296
84,0.23016296
87,0.23016296
88,0.23016296
90,0.23016296
94,0.23016296
99,0.23016296
101,0.23016296
103,0.23016296
106,0.23016296
108,0.23016296
111,0.23016296
115,0.23016296
116,0.23016296
122,0.23016296
123,0.23016296
124,0.23016296
125,0.23016296
127,0.23016296
140,0.23016296
142,0.23016296
147,0.23016296
148,0.23016296
150,0.23016296
152,0.23016296
154,0.23016296
155,0.23016296
166,0.23016296
167,0.23016296
169,0.6707424
177,0.23016296
179,0.23016296
181,0.23016296
186,0.23016296
188,0.23016296
189,0.23016296
192,0.23016296
200,0.23016296
202,0.23016296
206,0.23016296
207,0.23016296
214,0.23016296
217,0.23016296
223,0.23016296
224,0.23016296
227,0.23016296
228,0.23016296
230,0.23016296
233,0.23016296
234,0.23016296
236,0.23016296
239,0.23016296
250,0.23016296
255,0.23016296
257,0.23016296
259,0.23016296
275,0.23016296
278,0.23016296
282,0.23016296
284,0.23016296
286,0.23016296
288,0.23016296
292,0.23016296
295,0.23016296
300,0.23016296
304,0.23016296
305,0.23016296
306,0.23016296
308,0.23016296
311,0.23016296
317,0.23016296
319,0.23016296
323,0.23016296
324,0.23016296
325,0.23016296
326,0.23016296
333,0.23016296
339,0.23016296
342,0.23016296
343,0.643647
350,0.23016296
351,0.23016296
357,0.23016296
359,0.23016296
362,0.23016296
366,0.23016296
367,0.23016296
369,0.23016296
373,0.23016296
374,0.23016296
376,0.23016296
377,0.23016296
378,0.23016296
379,0.23016296
382,0.23016296
385,0.23016296
387,0.23016296
388,0.23016296
391,0.23016296
392,0.23016296
395,0.23016296
399,0.23016296
400,0.23016296
403,0.23016296
405,0.23016296
408,0.23016296
411,0.23016296
414,0.23016296
416,0.23016296
417,0.23016296
422,0.23016296
425,0.23016296
428,0.23016296
430,0.23016296
431,0.23016296
433,0.23016296
434,0.23016296
439,0.23016296
441,0.23016296
449,0.23016296
458,0.23016296
460,0.23016296
464,0.23016296
473,0.23016296
488,0.23016296
491,0.23016296
494,0.23016296
497,0.23016296
500,0.23016296
505,0.23016296
507,0.23016296
508,0.23016296
510,0.23016296
511,0.23016296
515,0.23016296
525,0.23016296
529,0.23016296
532,0.23016296
534,0.23016296
537,0.23016296
539,0.23016296
541,0.23016296
545,0.23016296
547,0.23016296
548,0.23016296
549,0.23016296
553,0.23016296
554,0.23016296
555,0.23016296
557,0.23016296
562,0.23016296
566,0.23016296
572,0.23016296
573,0.23016296
582,0.23016296
586,0.23016296
587,0.23016296
590,0.23016296
591,0.23016296
593,0.23016296
595,0.23016296
596,0.23016296
597,0.23016296
601,0.23016296
602,0.23016296
605,0.23016296
610,0.23016296
616,0.23016296
618,0.23016296
620,0.23016296
626,0.23016296
627,0.23016296
629,0.23016296
632,0.23016296
634,0.23016296
639,0.23016296
645,0.23016296
647,0.23016296
648,0.23016296
650,0.23016296
663,0.23016296
666,0.23016296
668,0.23016296
670,0.23016296
673,0.23016296
676,0.23016296
678,0.23016296
692,0.23016296
693,0.23016296
694,0.23016296
695,0.23016296
696,0.23016296
698,0.23016296
701,0.23016296
703,0.23016296
707,0.23016296
708,0.23016296
711,0.23016296
715,0.23016296
718,0.23016296
722,0.23016296
723,0.23016296
733,0.23016296
741,0.23016296
742,0.23016296
743,0.23016296
747,0.23016296
749,0.23016296
750,0.23016296
756,0.23016296
757,0.23016296
760,0.23016296
764,0.23016296
765,0.23016296
766,0.23016296
768,0.23016296
769,0.23016296
771,0.23016296
772,0.23016296
776,0.23016296
778,0.23016296
780,0.23016296
785,0.23016296
789,0.23016296
792,0.23016296
793,0.23016296
811,0.23016296
813,0.23016296
816,0.23016296
821,0.23016296
824,0.23016296
825,0.23016296
827,0.23016296
830,0.23016296
831,0.23016296
839,0.23016296
844,0.23016296
847,0.23016296
850,0.23016296
854,0.23016296
855,0.23016296
858,0.23016296
861,0.23016296
862,0.23016296
865,0.23016296
869,0.23016296
879,0.23016296
880,0.23016296
887,0.23016296
889,0.23016296
897,0.23016296
900,0.23016296
901,0.23016296
904,0.23016296
908,0.23016296
909,0.23016296
910,0.23016296
913,0.23016296
914,0.23016296
917,0.23016296
918,0.23016296
920,0.23016296
922,0.23016296
924,0.23016296
925,0.23016296
927,0.23016296
933,0.23016296
937,0.23016296
943,0.23016296
949,0.23016296
950,0.23016296
954,0.23016296
966,0.23016296
967,0.23016296
969,0.23016296
970,0.23016296
973,0.23016296
975,0.23016296
980,0.23016296
988,0.23016296
989,0.23016296
995,0.23016296
1000,0.23016296
1003,0.23016296
1007,0.23016296
1011,0.23016296
1012,0.23016296
1013,0.23016296
1014,0.23016296
1016,0.23016296
1019,0.23016296
1025,0.23016296
1027,0.23016296
1028,0.23016296
1030,0.23016296
1033,0.23016296
1034,0.23016296
1039,0.23016296
1046,0.23016296
1047,0.23016296
1053,0.23016296
1055,0.23016296
1056,0.23016296
1059,0.23016296
1060,0.23016296
1063,0.23016296
1064,0.23016296
1068,0.23016296
1076,0.23016296
1086,0.23016296
1087,0.23016296
1089,0.23016296
1092,0.23016296
1095,0.23016296
1096,0.23016296
1097,0.23016296
1100,0.23016296
1101,0.23016296
1107,0.23016296
1108,0.23016296
1111,0.23016296
1115,0.23016296
1116,0.23016296
1121,0.23016296
1125,0.23016296
1127,0.23016296
1131,0.23016296
1133,0.60198987
1135,0.23016296
1137,0.23016296
1140,0.23016296
1144,0.23016296
1147,0.23016296
1148,0.23016296
1150,0.23016296
1158,0.23016296
1159,0.23016296
1161,0.23016296
1163,0.23016296
1165,0.23016296
1169,0.23016296
1171,0.23016296
1172,0.23016296
1176,0.23016296
1180,0.23016296
1184,0.23016296
1186,0.23016296
1187,0.23016296
1192,0.23016296
1193,0.23016296
1194,0.23016296
1197,0.23016296
1200,0.23016296
1205,0.23016296
1210,0.23016296
1216,0.23016296
1220,0.23016296
1231,0.23016296
1233,0.23016296
1246,0.23016296
1247,0.23016296
1248,0.23016296
1255,0.23016296
1256,0.23016296
1257,0.23016296
1258,0.23016296
1260,0.23016296
1261,0.23016296
1265,0.23016296
1266,0.23016296
1268,0.23016296
1274,0.23016296
1281,0.23016296
1285,0.23016296
1286,0.23016296
1291,0.23016296
1292,0.23016296
1295,0.23016296
1299,0.23016296
1306,0.23016296
1310,0.23016296
1311,0.23016296
1313,0.23016296
1314,0.23016296
1322,0.23016296
1323,0.23016296
1325,0.23016296
1329,0.23016296
1330,0.23016296
1333,0.23016296
1336,0.23016296
1339,0.23016296
1342,0.23016296
1344,0.23016296
1355,0.23016296
1357,0.23016296
1358,0.23016296
1359,0.23016296
1364,0.23016296
1366,0.23016296
1367,0.23016296
1370,0.23016296
1373,0.23016296
1377,0.23016296
1386,0.23016296
1387,0.23016296
1392,0.23016296
1397,0.23016296
1398,0.23016296
1400,0.23016296
1403,0.23016296
1404,0.23016296
1410,0.23016296
1413,0.23016296
1416,0.23016296
1417,0.23016296
1423,0.23016296
1424,0.23016296
1426,0.23016296
1427,0.23016296
1428,0.23016296
1430,0.23016296
1434,0.23016296
1435,0.23016296
1437,0.23016296
1438,0.23016296
1442,0.23016296
1446,0.23016296
1451,0.23016296
1457,0.23016296
1461,0.23016296
1462,0.23016296
1465,0.23016296
1468,0.23016296
1469,0.23016296
1471,0.23016296
1476,0.23016296
1478,0.23016296
1481,0.23016296
1489,0.23016296
1490,0.23016296
1492,0.23016296
1496,0.23016296
1512,0.23016296
1516,0.23016296
1517,0.23016296
1528,0.23016296
1529,0.23016296
1536,0.23016296
1539,0.23016296
1541,0.23016296
1542,0.23016296
1548,0.23016296
1550,0.23016296
1551,0.23016296
1552,0.23016296
1557,0.23016296
1563,0.23016296
1564,0.23016296
1565,0.23016296
1566,0.23016296
1571,0.23016296
1578,0.23016296
1581,0.23016296
1583,0.23016296
1584,0.23016296
1586,0.23016296
1589,0.23016296
1592,0.23016296
1598,0.23016296
1606,0.23016296
1612,0.23016296
1616,0.23016296
1620,0.23016296
1624,0.23016296
1629,0.23016296
1630,0.23016296
1635,0.23016296
1640,0.23016296
1641,0.23016296
1642,0.23016296
1651,0.23016296
1655,0.23016296
1656,0.23016296
1659,0.23016296
1664,0.23016296
1667,0.23016296
1668,0.23016296
1674,0.23016296
1678,0.23016296
1680,0.23016296
1681,0.23016296
1682,0.23016296
1685,0.23016296
1695,0.23016296
1696,0.23016296
1697,0.23016296
1704,0.23016296
1708,0.23016296
1711,0.23016296
1713,0.23016296
1714,0.23016296
1717,0.23016296
1729,0.23016296
1730,0.23016296
1732,0.23016296
1734,0.23016296
1736,0.23016296
1738,0.23016296
1742,0.23016296
1743,0.23016296
1746,0.23016296
1748,0.23016296
1749,0.23016296
1751,0.23016296
1758,0.23016296
1764,0.23016296
1765,0.23016296
1777,0.23016296
1778,0.23016296
1781,0.23016296
1782,0.23016296
1783,0.23016296
1785,0.23016296
1788,0.23016296
1793,0.23016296
1794,0.23016296
1795,0.23016296
1797,0.23016296
1800,0.23016296
1801,0.23016296
1805,0.23016296
1806,0.23016296
1819,0.23016296
1820,0.23016296
1825,0.23016296
1828,0.23016296
1829,0.23016296
1830,0.23016296
1839,0.23016296
1843,0.23016296
1844,0.23016296
1846,0.23016296
1849,0.23016296
1850,0.23016296
1854,0.23016296
1855,0.23016296
1858,0.23016296
1859,0.23016296
1862,0.23016296
1867,0.23016296
1868,0.23016296
1871,0.23016296
1872,0.23016296
1874,0.23016296
1876,0.23016296
1879,0.23016296
1884,0.23016296
1891,0.23016296
1894,0.23016296
1896,0.23016296
1902,0.23016296
1903,0.23016296
1904,0.23016296
1906,0.23016296
1907,0.23016296
1912,0.23016296
1913,0.23016296
1923,0.23016296
1926,0.23016296
1928,0.23016296
1930,0.23016296
1931,0.23016296
1934,0.23016296
1936,0.23016296
1944,0.23016296
1946,0.23016296
1947,0.23016296
1958,0.23016296
1964,0.23016296
1970,0.23016296
1974,0.23016296
1977,0.23016296
1978,0.23016296
1982,0.23016296
1984,0.23016296
1988,0.23016296
1993,0.23016296
1997,0.23016296
1998,0.23016296
2002,0.23016296
2004,0.23016296
2005,0.23016296
2008,0.23016296
2011,0.23016296
2013,0.23016296
2018,0.23016296
2021,0.23016296
2025,0.23016296
2029,0.23016296
2030,0.23016296
2032,0.23016296
2037,0.23016296
2041,0.23016296
2044,0.23016296
2048,0.23016296
2052,0.23016296
2053,0.23016296
2054,0.23016296
2062,0.23016296
2065,0.23016296
2066,0.23016296
2072,0.23016296
2079,0.23016296
2080,0.23016296
2085,0.23016296
2088,0.23016296
2090,0.23016296
2092,0.23016296
2093,0.23016296
2101,0.23016296
2104,0.23016296
2105,0.23016296
2106,0.23016296
2107,0.23016296
2120,0.23016296
2124,0.23016296
2127,0.23016296
2130,0.23016296
2132,0.23016296
2135,0.23016296
2137,0.23016296
2140,0.23016296
2143,0.23016296
2147,0.23016296
2151,0.23016296
2152,0.23016296
2155,0.23016296
2156,0.23016296
2162,0.23016296
2165,0.23016296
2166,0.23016296
2167,0.23016296
2168,0.23016296
2170,0.23016296
2178,0.23016296
2180,0.23016296
2182,0.23016296
2184,0.23016296
2185,0.23016296
2187,0.23016296
2196,0.23016296
2197,0.23016296
2199,0.23016296
2200,0.23016296
2201,0.23016296
2202,0.23016296
2206,0.23016296
2208,0.23016296
2218,0.23016296
2223,0.23016296
2224,0.23016296
2226,0.23016296
2228,0.23016296
2232,0.23016296
2234,0.23016296
2243,0.23016296
2247,0.23016296
2249,0.23016296
2252,0.23016296
2253,0.23016296
2259,0.23016296
2261,0.23016296
2264,0.23016296
2268,0.23016296
2269,0.23016296
2270,0.23016296
2276,0.23016296
2283,0.23016296
2287,0.23016296
2290,0.23016296
2291,0.23016296
2293,0.23016296
2295,0.23016296
2302,0.23016296
2305,0.23016296
2310,0.23016296
2313,0.23016296
2316,0.23016296
2320,0.23016296
2322,0.23016296
2323,0.23016296
2326,0.23016296
2328,0.23016296
2331,0.23016296
2335,0.23016296
2338,0.23016296
2343,0.23016296
2344,0.23016296
2345,0.23016296
2353,0.23016296
2355,0.23016296
2357,0.23016296
2360,0.23016296
2365,0.23016296
2369,0.23016296
2371,0.23016296
2378,0.23016296
2380,0.23016296
2381,0.23016296
2383,0.23016296
2384,0.23016296
2392,0.23016296
2393,0.23016296
2401,0.23016296
2403,0.23016296
2404,0.23016296
2405,0.23016296
2407,0.23016296
2411,0.23016296
2424,0.23016296
2426,0.23016296
2431,0.23016296
2433,0.23016296
2434,0.23016296
2436,0.23016296
2439,0.23016296
2444,0.23016296
2447,0.23016296
2448,0.23016296
2449,0.23016296
2450,0.23016296
2461,0.23016296
2469,0.23016296
2472,0.23016296
2473,0.23016296
2474,0.23016296
2477,0.23016296
2481,0.23016296
2484,0.23016296
2495,0.23016296
2503,0.23016296
2509,0.23016296
2511,0.23016296
2518,0.23016296
2522,0.23016296
2525,0.23016296
2526,0.23016296
2529,0.23016296
2533,0.23016296
2549,0.23016296
2551,0.23016296
2558,0.23016296
2562,0.23016296
2563,0.23016296
2567,0.23016296
2574,0.23016296
2577,0.23016296
2578,0.23016296
2580,0.23016296
2581,0.5367693
2583,0.23016296
2584,0.23016296
2586,0.23016296
2589,0.23016296
2595,0.23016296
2596,0.23016296
2600,0.23016296
2601,0.23016296
2607,0.23016296
2610,0.23016296
2613,0.23016296
2615,0.23016296
2618,0.23016296
2620,0.23016296
2623,0.23016296
2626,0.23016296
2630,0.23016296
2634,0.23016296
2636,0.23016296
2638,0.23016296
2639,0.23016296
2646,0.23016296
2650,0.23016296
2652,0.23016296
2653,0.23016296
2654,0.23016296
2662,0.23016296
2665,0.23016296
2669,0.23016296
2674,0.23016296
2678,0.23016296
2681,0.23016296
2685,0.23016296
2686,0.23016296
2690,0.23016296
2697,0.23016296
2699,0.23016296
2704,0.23016296
2705,0.23016296
2710,0.23016296
2712,0.23016296
2713,0.23016296
2716,0.23016296
2717,0.23016296
2718,0.23016296
2721,0.23016296
2722,0.23016296
2735,0.23016296
2737,0.5367693
2738,0.23016296
2742,0.23016296
2745,0.23016296
2746,0.23016296
2747,0.23016296
2750,0.23016296
2751,0.23016296
2754,0.23016296
2762,0.23016296
2764,0.23016296
2772,0.23016296
2775,0.23016296
2776,0.23016296
2779,0.23016296
2781,0.23016296
2789,0.23016296
2790,0.23016296
2791,0.23016296
2798,0.23016296
2800,0.23016296
2804,0.23016296
2805,0.23016296
2806,0.23016296
2809,0.23016296
2810,0.23016296
2812,0.23016296
2814,0.23016296
2816,0.23016296
2818,0.23016296
2823,0.23016296
2824,0.23016296
2834,0.23016296
2837,0.23016296
2840,0.23016296
2845,0.23016296
2847,0.23016296
2848,0.23016296
2850,0.643647
2859,0.23016296
2862,0.23016296
2868,0.23016296
2874,0.23016296
2876,0.23016296
2892,0.23016296
2894,0.23016296
2897,0.23016296
2901,0.23016296
2903,0.23016296
2904,0.23016296
2906,0.23016296
2914,0.23016296
2918,0.23016296
2919,0.23016296
2923,0.23016296
2926,0.23016296
2928,0.23016296
2930,0.23016296
2938,0.23016296
2940,0.23016296
2949,0.23016296
2951,0.23016296
2958,0.23016296
2961,0.23016296
2962,0.23016296
2964,0.23016296
2966,0.23016296
2967,0.23016296
2968,0.23016296
2972,0.23016296
2977,0.23016296
2978,0.23016296
2979,0.23016296
2981,0.23016296
2985,0.23016296
2986,0.23016296
2989,0.23016296
2994,0.23016296
2996,0.23016296
2997,0.23016296
2999,0.23016296
3002,0.23016296
3007,0.23016296
3008,0.23016296
3017,0.23016296
3020,0.23016296
3024,0.23016296
3028,0.23016296
3031,0.23016296
3032,0.23016296
3033,0.23016296
3035,0.23016296
3040,0.23016296
3041,0.23016296
3046,0.23016296
3050,0.23016296
3063,0.23016296
3065,0.23016296
3067,0.23016296
3069,0.23016296
3076,0.23016296
3078,0.23016296
3081,0.23016296
3087,0.23016296
3088,0.23016296
3094,0.23016296
3096,0.23016296
3098,0.23016296
3103,0.23016296
3110,0.23016296
3113,0.23016296
3121,0.23016296
3127,0.23016296
3128,0.23016296
3129,0.23016296
3135,0.23016296
3143,0.23016296
3146,0.23016296
3148,0.23016296
3149,0.23016296
3151,0.23016296
3156,0.23016296
3160,0.23016296
3164,0.23016296
3169,0.23016296
3178,0.23016296
3187,0.23016296
3194,0.23016296
3202,0.23016296
3203,0.23016296
3204,0.23016296
3206,0.23016296
3207,0.23016296
3208,0.23016296
3209,0.23016296
3213,0.23016296
3214,0.23016296
3215,0.23016296
3220,0.23016296
3223,0.23016296
3224,0.23016296
3226,0.23016296
3228,0.23016296
3230,0.23016296
3232,0.23016296
3233,0.23016296
3234,0.23016296
3238,0.23016296
3246,0.23016296
3247,0.23016296
3250,0.23016296
3251,0.23016296
3254,0.23016296
3257,0.23016296
3258,0.23016296
3261,0.23016296
3267,0.23016296
3268,0.23016296
3269,0.23016296
3271,0.23016296
3272,0.23016296
3273,0.23016296
3279,0.23016296
3290,0.23016296
3291,0.23016296
3293,0.6902229
3294,0.23016296
3298,0.23016296
3305,0.23016296
3306,0.23016296
3307,0.23016296
3310,0.23016296
3313,0.23016296
3314,0.23016296
3315,0.23016296
3316,0.6902229
3321,0.23016296
3325,0.23016296
3326,0.23016296
3327,0.23016296
3330,0.23016296
3331,0.23016296
3332,0.23016296
3333,0.6005478
3343,0.23016296
3344,0.23016296
3348,0.23016296
3349,0.23016296
3350,0.23016296
3352,0.23016296
3353,0.23016296
3354,0.23016296
3358,0.23016296
3360,0.23016296
3366,0.23016296
3371,0.23016296
3374,0.23016296
3375,0.23016296
3378,0.23016296
3382,0.23016296
3384,0.23016296
3385,0.23016296
3386,0.23016296
3392,0.23016296
3399,0.23016296
3407,0.23016296
3409,0.23016296
3416,0.23016296
3420,0.23016296
3422,0.23016296
3424,0.23016296
3426,0.23016296
3427,0.23016296
3434,0.23016296
3438,0.23016296
3441,0.23016296
3442,0.23016296
3443,0.23016296
3444,0.23016296
3449,0.23016296
3453,0.23016296
3454,0.23016296
3456,0.23016296
3457,0.23016296
3458,0.23016296
3461,0.23016296
3467,0.23016296
3479,0.23016296
3488,0.23016296
3491,0.23016296
3496,0.23016296
3502,0.23016296
3507,0.23016296
3511,0.23016296
3515,0.23016296
3516,0.23016296
3538,0.23016296
3539,0.23016296
3541,0.23016296
3545,0.23016296
3546,0.23016296
3547,0.23016296
3551,0.23016296
3553,0.23016296
3556,0.23016296
3558,0.23016296
3559,0.23016296
3561,0.23016296
3562,0.23016296
3563,0.23016296
3564,0.23016296
3571,0.23016296
3574,0.23016296
3576,0.23016296
3577,0.23016296
3579,0.23016296
3580,0.23016296
3586,0.23016296
3590,0.23016296
3599,0.23016296
3600,0.23016296
3601,0.23016296
3605,0.23016296
3606,0.23016296
3612,0.23016296
3614,0.23016296
3615,0.23016296
3616,0.23016296
3620,0.23016296
3622,0.23016296
3624,0.23016296
3630,0.23016296
3644,0.23016296
3649,0.23016296
3651,0.23016296
3654,0.23016296
3665,0.23016296
3668,0.23016296
3671,0.23016296
3672,0.23016296
3673,0.23016296
3677,0.23016296
3678,0.23016296
3687,0.23016296
3688,0.23016296
3693,0.23016296
3698,0.643647
3699,0.23016296
3701,0.23016296
3703,0.23016296
3706,0.23016296
3707,0.23016296
3709,0.23016296
3711,0.23016296
3714,0.23016296
3716,0.23016296
3720,0.23016296
3728,0.23016296
3731,0.23016296
3732,0.23016296
3733,0.23016296
3734,0.23016296
3740,0.23016296
3746,0.23016296
3749,0.23016296
3751,0.23016296
3755,0.23016296
3757,0.23016296
3762,0.23016296
3767,0.23016296
3769,0.23016296
3779,0.23016296
3781,0.23016296
3782,0.23016296
3783,0.23016296
3784,0.23016296
3790,0.23016296
3791,0.23016296
3792,0.23016296
3794,0.23016296
3799,0.23016296
3801,0.23016296
3804,0.23016296
3808,0.23016296
3809,0.23016296
3811,0.23016296
3813,0.23016296
3817,0.23016296
3818,0.23016296
3823,0.23016296
3843,0.23016296
3844,0.23016296
3846,0.23016296
3847,0.23016296
3852,0.23016296
3854,0.23016296
3856,0.23016296
3863,0.23016296
3865,0.23016296
3867,0.23016296
3871,0.23016296
3872,0.23016296
3878,0.23016296
3880,0.23016296
3881,0.23016296
3882,0.23016296
3883,0.23016296
3884,0.23016296
3885,0.23016296
3886,0.23016296
3890,0.23016296
3891,0.23016296
3898,0.23016296
3902,0.23016296
3909,0.23016296
3910,0.23016296
3912,0.23016296
3915,0.23016296
3918,0.23016296
3920,0.23016296
3925,0.23016296
3928,0.23016296
3929,0.23016296
3930,0.23016296
3931,0.23016296
3934,0.23016296
3939,0.23016296
3941,0.23016296
3942,0.23016296
3943,0.23016296
3946,0.23016296
3963,0.23016296
3965,0.23016296
3966,0.23016296
3971,0.23016296
3972,0.23016296
3974,0.23016296
3976,0.23016296
3978,0.23016296
3981,0.23016296
3985,0.23016296
3986,0.23016296
3987,0.23016296
3988,0.23016296
3991,0.23016296
3999,0.23016296
4001,0.23016296
4002,0.23016296
4004,0.23016296
4007,0.23016296
4009,0.23016296
4013,0.23016296
4015,0.23016296
4016,0.23016296
4023,0.23016296
4031,0.23016296
4035,0.23016296
4036,0.23016296
4037,0.23016296
4040,0.23016296
4048,0.23016296
4053,0.23016296
4056,0.23016296
4059,0.23016296
4066,0.23016296
4067,0.23016296
4069,0.23016296
4070,0.23016296
4071,0.23016296
4073,0.23016296
4074,0.23016296
4075,0.23016296
4082,0.23016296
4090,0.23016296
4099,0.23016296
4102,0.23016296
4106,0.23016296
4109,0.23016296
4110,0.23016296
4115,0.23016296
4118,0.23016296
4120,0.23016296
4125,0.23016296
4126,0.23016296
4130,0.23016296
4134,0.23016296
4136,0.23016296
4137,0.23016296
4144,0.23016296
4148,0.23016296
4151,0.23016296
4155,0.23016296
4162,0.23016296
4165,0.23016296
4169,0.23016296
4174,0.23016296
4179,0.23016296
4185,0.23016296
4186,0.23016296
4187,0.23016296
4188,0.23016296
4190,0.23016296
4192,0.23016296
4193,0.23016296
4194,0.23016296
4195,0.23016296
4196,0.23016296
4207,0.6793056
4208,0.23016296
4215,0.6793056
4217,0.6793056
4222,0.23016296
4223,0.23016296
4226,0.23016296
4228,0.23016296
4229,0.23016296
4231,0.6793056
4234,0.23016296
4236,0.23016296
4249,0.23016296
4254,0.23016296
4258,0.23016296
4259,0.23016296
4263,0.23016296
4267,0.23016296
4277,0.23016296
4278,0.23016296
4280,0.23016296
4283,0.23016296
4285,0.23016296
4286,0.23016296
4287,0.23016296
4290,0.23016296
4291,0.23016296
4294,0.23016296
4302,0.23016296
4308,0.23016296
4310,0.23016296
4311,0.23016296
4315,0.23016296
4316,0.23016296
4319,0.23016296
4331,0.23016296
4338,0.23016296
4339,0.23016296
4340,0.23016296
4344,0.23016296
4346,0.23016296
4347,0.23016296
4360,0.23016296
4364,0.23016296
4367,0.23016296
4369,0.23016296
4370,0.23016296
4371,0.23016296
4380,0.23016296
4386,0.23016296
4389,0.23016296
4390,0.23016296
4394,0.23016296
4399,0.23016296
4400,0.23016296
4404,0.23016296
4409,0.23016296
4414,0.23016296
4417,0.23016296
4418,0.23016296
4419,0.23016296
4420,0.23016296
4422,0.23016296
4429,0.23016296
4431,0.23016296
4433,0.23016296
4434,0.23016296
4439,0.23016296
4443,0.23016296
4446,0.23016296
4447,0.23016296
4453,0.23016296
4460,0.23016296
4461,0.23016296
4462,0.23016296
4467,0.23016296
4469,0.23016296
4473,0.23016296
4474,0.23016296
4475,0.23016296
4477,0.23016296
4481,0.23016296
4483,0.23016296
4484,0.23016296
4485,0.23016296
4495,0.23016296
4497,0.23016296
4500,0.23016296
4501,0.23016296
4502,0.23016296
4505,0.23016296
4506,0.23016296
4510,0.23016296
4512,0.23016296
4513,0.23016296
4532,0.23016296
4535,0.23016296
4536,0.23016296
4540,0.23016296
4545,0.23016296
4552,0.23016296
4554,0.23016296
4555,0.23016296
4558,0.23016296
4559,0.23016296
4560,0.23016296
4566,0.23016296
4570,0.23016296
4572,0.23016296
4574,0.23016296
4581,0.23016296
4583,0.23016296
4586,0.23016296
4591,0.23016296
4594,0.23016296
4603,0.23016296
4605,0.23016296
4612,0.23016296
4613,0.23016296
4615,0.23016296
4618,0.23016296
4621,0.23016296
4623,0.23016296
4626,0.23016296
4629,0.23016296
4633,0.23016296
4636,0.23016296
4638,0.23016296
4640,0.23016296
4643,0.23016296
4645,0.23016296
4647,0.23016296
4648,0.23016296
4651,0.23016296
4652,0.23016296
4653,0.23016296
4654,0.23016296
4660,0.23016296
4662,0.23016296
4663,0.23016296
4665,0.23016296
4668,0.23016296
4676,0.23016296
4683,0.23016296
4685,0.23016296
4686,0.23016296
4701,0.23016296
4718,0.23016296
4721,0.23016296
4727,0.23016296
4728,0.23016296
4733,0.23016296
4741,0.23016296
4743,0.23016296
4746,0.23016296
4751,0.23016296
4756,0.23016296
4761,0.23016296
4763,0.23016296
4764,0.23016296
4767,0.23016296
4772,0.23016296
4776,0.23016296
4780,0.23016296
4781,0.23016296
4792,0.23016296
4796,0.23016296
4801,0.23016296
4804,0.23016296
4805,0.23016296
4806,0.23016296
4811,0.23016296
4815,0.23016296
4816,0.23016296
4817,0.23016296
4818,0.23016296
4822,0.23016296
4824,0.23016296
4827,0.23016296
4837,0.23016296
4838,0.23016296
4839,0.23016296
4841,0.23016296
4851,0.23016296
4855,0.23016296
4861,0.23016296
4862,0.23016296
4863,0.23016296
4865,0.23016296
4871,0.23016296
4873,0.23016296
4880,0.23016296
4885,0.23016296
4886,0.23016296
4902,0.23016296
4904,0.23016296
4907,0.23016296
4916,0.23016296
4921,0.23016296
4925,0.23016296
4927,0.23016296
4928,0.23016296
4930,0.23016296
4932,0.23016296
4933,0.23016296
4937,0.23016296
4939,0.23016296
4941,0.23016296
4942,0.23016296
4947,0.23016296
4949,0.23016296
4950,0.23016296
4956,0.23016296
4960,0.23016296
4963,0.23016296
4965,0.23016296
4976,0.23016296
4977,0.23016296
4987,0.23016296
4991,0.23016296
4994,0.23016296
4999,0.23016296
5003,0.23016296
5006,0.23016296
5009,0.23016296
5011,0.23016296
5012,0.23016296
5014,0.23016296
5020,0.23016296
5021,0.23016296
5023,0.23016296
5026,0.23016296
5030,0.23016296
5031,0.23016296
5036,0.23016296
5042,0.23016296
5045,0.23016296
5048,0.23016296
5051,0.23016296
5053,0.23016296
5054,0.23016296
5057,0.23016296
5058,0.23016296
5066,0.23016296
5070,0.23016296
5077,0.23016296
5081,0.23016296
5084,0.23016296
5086,0.23016296
5090,0.23016296
5091,0.23016296
5093,0.23016296
5100,0.23016296
5108,0.23016296
5111,0.23016296
5112,0.23016296
5118,0.23016296
5121,0.23016296
5123,0.23016296
5129,0.23016296
5133,0.23016296
5143,0.23016296
5147,0.23016296
5151,0.23016296
5156,0.23016296
5158,0.23016296
5161,0.23016296
5163,0.23016296
5167,0.23016296
5173,0.23016296
5205,0.23016296
5214,0.23016296
5215,0.23016296
5216,0.23016296
5217,0.23016296
5225,0.23016296
5237,0.23016296
5239,0.23016296
5240,0.23016296
5241,0.23016296
5246,0.23016296
5250,0.23016296
5253,0.23016296
5258,0.23016296
5261,0.23016296
5268,0.23016296
5275,0.23016296
5277,0.23016296
5279,0.23016296
5288,0.23016296
5289,0.23016296
5294,0.23016296
5303,0.23016296
5307,0.23016296
5311,0.23016296
5312,0.23016296
5314,0.23016296
5318,0.23016296
5327,0.23016296
5329,0.23016296
5333,0.23016296
5334,0.23016296
5340,0.23016296
5348,0.23016296
5358,0.23016296
5360,0.23016296
5361,0.23016296
5363,0.23016296
5364,0.23016296
5369,0.23016296
5370,0.23016296
5374,0.23016296
5376,0.23016296
5388,0.23016296
5390,0.23016296
5393,0.23016296
5394,0.23016296
5395,0.23016296
5398,0.23016296
5399,0.23016296
5401,0.23016296
5402,0.23016296
5405,0.23016296
5414,0.23016296
5415,0.23016296
5419,0.23016296
5421,0.23016296
5422,0.23016296
5424,0.23016296
5427,0.23016296
5429,0.23016296
5431,0.23016296
5433,0.23016296
5434,0.23016296
5435,0.23016296
5436,0.23016296
5438,0.23016296
5440,0.23016296
5441,0.23016296
5447,0.23016296
5451,0.23016296
5453,0.23016296
5456,0.23016296
5457,0.23016296
5463,0.23016296
5464,0.23016296
5470,0.23016296
5472,0.23016296
5474,0.23016296
5478,0.23016296
5483,0.23016296
5490,0.23016296
5500,0.23016296
5504,0.23016296
5508,0.23016296
5511,0.23016296
5512,0.23016296
5513,0.23016296
5516,0.23016296
5523,0.23016296
5527,0.23016296
5530,0.23016296
5533,0.23016296
5536,0.23016296
5537,0.23016296
5542,0.23016296
5543,0.23016296
5546,0.23016296
5549,0.23016296
5550,0.23016296
5551,0.23016296
5562,0.23016296
5566,0.23016296
5568,0.23016296
5571,0.23016296
5572,0.23016296
5574,0.23016296
5583,0.23016296
5585,0.23016296
5591,0.23016296
5596,0.23016296
5597,0.23016296
5601,0.23016296
5606,0.23016296
5607,0.23016296
5610,0.23016296
5615,0.23016296
5616,0.23016296
5623,0.23016296
5630,0.23016296
5636,0.23016296
5637,0.23016296
5639,0.23016296
5640,0.23016296
5643,0.23016296
5648,0.23016296
5649,0.23016296
5660,0.23016296
5666,0.23016296
5667,0.23016296
5678,0.23016296
5679,0.23016296
5681,0.23016296
5682,0.23016296
5691,0.23016296
5696,0.23016296
5697,0.23016296
5700,0.23016296
5701,0.23016296
5702,0.23016296
5708,0.23016296
5709,0.23016296
5718,0.23016296
5723,0.23016296
5725,0.23016296
5728,0.23016296
5731,0.23016296
5735,0.23016296
5737,0.23016296
5738,0.23016296
5742,0.23016296
5747,0.23016296
5749,0.23016296
5750,0.23016296
5755,0.23016296
5756,0.23016296
5761,0.23016296
5762,0.23016296
5767,0.23016296
5768,0.23016296
5770,0.23016296
5773,0.23016296
5774,0.23016296
5779,0.23016296
5782,0.23016296
5785,0.23016296
5786,0.23016296
5787,0.23016296
5788,0.23016296
5796,0.23016296
5802,0.23016296
5806,0.23016296
5809,0.23016296
5810,0.23016296
5811,0.23016296
5813,0.23016296
5820,0.23016296
5823,0.23016296
5830,0.23016296
5831,0.23016296
5838,0.23016296
5839,0.23016296
5844,0.23016296
5846,0.23016296
5851,0.23016296
5852,0.23016296
5857,0.23016296
5859,0.23016296
5860,0.23016296
5862,0.23016296
5865,0.23016296
5866,0.23016296
5871,0.23016296
5872,0.23016296
5877,0.23016296
5878,0.23016296
5879,0.23016296
5880,0.23016296
5895,0.23016296
5897,0.23016296
5910,0.23016296
5914,0.23016296
5915,0.23016296
5917,0.23016296
5924,0.23016296
5926,0.23016296
5931,0.23016296
5936,0.23016296
5940,0.23016296
5941,0.23016296
5945,0.23016296
5946,0.23016296
5948,0.23016296
5951,0.23016296
5967,0.23016296
5968,0.23016296
5969,0.23016296
5970,0.23016296
5971,0.23016296
5973,0.23016296
5976,0.23016296
5977,0.23016296
5984,0.23016296
5986,0.23016296
5993,0.23016296
5994,0.23016296
6005,0.23016296
6006,0.23016296
6008,0.23016296
6010,0.23016296
6011,0.23016296
6014,0.23016296
6016,0.23016296
6018,0.64066756
6021,0.23016296
6025,0.23016296
6028,0.23016296
6029,0.23016296
6035,0.23016296
6040,0.23016296
6042,0.23016296
6044,0.23016296
6046,0.23016296
6052,0.23016296
6054,0.23016296
6062,0.23016296
6063,0.23016296
6067,0.23016296
6068,0.23016296
6077,0.23016296
6079,0.23016296
6080,0.23016296
6081,0.23016296
6082,0.23016296
6089,0.23016296
6095,0.23016296
6101,0.23016296
6107,0.23016296
6114,0.23016296
6117,0.23016296
6121,0.23016296
6122,0.23016296
6124,0.23016296
6129,0.23016296
6131,0.23016296
6136,0.23016296
6139,0.23016296
6142,0.23016296
6143,0.23016296
6144,0.23016296
6149,0.23016296
6155,0.23016296
6157,0.23016296
6158,0.23016296
6161,0.23016296
6168,0.23016296
6172,0.23016296
6176,0.23016296
6177,0.23016296
6179,0.23016296
6180,0.23016296
6182,0.23016296
6186,0.23016296
6189,0.23016296
6190,0.23016296
6194,0.23016296
6204,0.23016296
6205,0.23016296
6209,0.23016296
6210,0.23016296
6212,0.23016296
6214,0.23016296
6221,0.23016296
6225,0.23016296
6228,0.23016296
6229,0.23016296
6231,0.5367693
6235,0.23016296
6236,0.23016296
6237,0.23016296
6238,0.23016296
6239,0.23016296
6242,0.23016296
6249,0.23016296
6250,0.23016296
6251,0.23016296
6252,0.23016296
6260,0.23016296
6264,0.23016296
6266,0.23016296
6270,0.23016296
6275,0.23016296
6279,0.23016296
6280,0.23016296
6284,0.23016296
6285,0.23016296
6286,0.23016296
6287,0.23016296
6288,0.23016296
6289,0.23016296
6290,0.23016296
6291,0.23016296
6295,0.23016296
6298,0.23016296
6307,0.23016296
6308,0.23016296
6309,0.23016296
6313,0.23016296
6316,0.23016296
6319,0.23016296
6321,0.23016296
6324,0.23016296
6327,0.23016296
6333,0.23016296
6351,0.23016296
6352,0.23016296
6353,0.23016296
6357,0.23016296
6359,0.23016296
6360,0.23016296
6364,0.23016296
6367,0.23016296
6368,0.23016296
6377,0.23016296
6378,0.23016296
6379,0.23016296
6381,0.23016296
6390,0.23016296
6401,0.23016296
6408,0.23016296
6409,0.23016296
6411,0.23016296
6419,0.23016296
6424,0.23016296
6426,0.23016296
6428,0.23016296
6431,0.23016296
6432,0.23016296
6433,0.23016296
6435,0.23016296
6437,0.23016296
6439,0.23016296
6442,0.23016296
6444,0.23016296
6447,0.23016296
6456,0.23016296
6457,0.23016296
6460,0.23016296
6468,0.23016296
6471,0.23016296
6475,0.23016296
6476,0.23016296
6479,0.23016296
6483,0.23016296
6487,0.23016296
6488,0.23016296
6489,0.23016296
6496,0.23016296
6498,0.23016296
6502,0.23016296
6503,0.23016296
6507,0.23016296
6508,0.23016296
6509,0.23016296
6517,0.23016296
6521,0.23016296
6522,0.23016296
6524,0.23016296
6526,0.23016296
6531,0.23016296
6533,0.23016296
6538,0.23016296
6539,0.23016296
6544,0.23016296
6557,0.23016296
6558,0.23016296
6562,0.643647
6563,0.23016296
6564,0.23016296
6574,0.23016296
6578,0.23016296
6581,0.23016296
6584,0.23016296
6587,0.23016296
6589,0.23016296
6590,0.23016296
6592,0.23016296
6595,0.23016296
6599,0.23016296
6600,0.23016296
6606,0.23016296
6609,0.23016296
6612,0.23016296
6615,0.6902229
6618,0.23016296
6620,0.23016296
6623,0.23016296
6633,0.23016296
6639,0.23016296
6640,0.23016296
6641,0.23016296
6645,0.23016296
6650,0.23016296
6651,0.23016296
6652,0.23016296
6657,0.23016296
6659,0.23016296
6666,0.23016296
6671,0.23016296
6673,0.23016296
6674,0.23016296
6677,0.23016296
6680,0.23016296
6684,0.23016296
6685,0.23016296
6691,0.23016296
6692,0.23016296
6696,0.23016296
6698,0.23016296
6704,0.23016296
6705,0.23016296
6710,0.23016296
6713,0.23016296
6715,0.23016296
6717,0.23016296
6718,0.23016296
6720,0.23016296
6728,0.23016296
6732,0.23016296
6733,0.23016296
6739,0.23016296
6740,0.23016296
6741,0.23016296
6743,0.23016296
6747,0.23016296
6750,0.23016296
6752,0.23016296
6753,0.23016296
6755,0.23016296
6761,0.23016296
6763,0.23016296
6768,0.23016296
6770,0.23016296
6771,0.23016296
6777,0.23016296
6778,0.23016296
6780,0.23016296
6782,0.23016296
6786,0.23016296
6791,0.23016296
6797,0.23016296
6798,0.23016296
6803,0.23016296
6805,0.23016296
6812,0.23016296
6816,0.23016296
6818,0.23016296
6822,0.23016296
6825,0.23016296
6826,0.23016296
6827,0.23016296
6829,0.23016296
6831,0.23016296
6836,0.23016296
6838,0.23016296
6840,0.23016296
6842,0.23016296
6846,0.23016296
6851,0.23016296
6853,0.23016296
6856,0.23016296
6859,0.23016296
6865,0.23016296
6866,0.23016296
6868,0.23016296
6869,0.23016296
6871,0.23016296
6873,0.23016296
6886,0.23016296
6887,0.23016296
6888,0.23016296
6889,0.23016296
6891,0.23016296
6894,0.23016296
6895,0.23016296
6899,0.23016296
6901,0.23016296
6902,0.23016296
6904,0.23016296
6906,0.23016296
6922,0.23016296
6923,0.23016296
6924,0.23016296
6927,0.23016296
6934,0.23016296
6938,0.23016296
6941,0.23016296
6942,0.23016296
6944,0.23016296
6947,0.23016296
6952,0.23016296
6957,0.23016296
6958,0.23016296
6964,0.23016296
6968,0.23016296
6969,0.23016296
6976,0.23016296
6982,0.23016296
6986,0.23016296
6987,0.23016296
6989,0.23016296
6991,0.23016296
6993,0.23016296
6995,0.23016296
6997,0.23016296
7000,0.23016296
7003,0.23016296
7004,0.23016296
7007,0.23016296
7011,0.23016296
7014,0.23016296
7016,0.23016296
7017,0.23016296
7020,0.23016296
7022,0.23016296
7028,0.23016296
7033,0.23016296
7034,0.23016296
7035,0.23016296
7038,0.23016296
7040,0.23016296
7041,0.23016296
7042,0.23016296
7045,0.23016296
7049,0.23016296
7055,0.23016296
7057,0.643647
7062,0.23016296
7064,0.23016296
7066,0.23016296
7067,0.23016296
7072,0.23016296
7079,0.23016296
7082,0.23016296
7083,0.23016296
7084,0.23016296
7085,0.23016296
7087,0.23016296
7090,0.23016296
7094,0.23016296
7096,0.23016296
7099,0.23016296
7100,0.23016296
7101,0.23016296
7102,0.23016296
7103,0.23016296
7107,0.23016296
7110,0.23016296
7113,0.23016296
7117,0.23016296
7119,0.23016296
7123,0.23016296
7127,0.23016296
7133,0.23016296
7139,0.23016296
7143,0.23016296
7145,0.23016296
7151,0.23016296
7152,0.23016296
7153,0.23016296
7156,0.23016296
7162,0.23016296
7170,0.23016296
7172,0.23016296
7177,0.23016296
7181,0.23016296
7182,0.23016296
7189,0.23016296
7190,0.23016296
7200,0.23016296
7207,0.23016296
7209,0.23016296
7212,0.23016296
7216,0.23016296
7217,0.23016296
7219,0.23016296
7220,0.23016296
7222,0.23016296
7225,0.23016296
7233,0.23016296
7237,0.23016296
7238,0.23016296
7239,0.23016296
7240,0.23016296
7243,0.23016296
7245,0.23016296
7246,0.23016296
7249,0.23016296
7257,0.23016296
7258,0.23016296
7259,0.23016296
7262,0.23016296
7263,0.23016296
7269,0.23016296
7271,0.23016296
7273,0.23016296
7276,0.23016296
7279,0.23016296
7282,0.23016296
7284,0.23016296
7293,0.23016296
7298,0.23016296
7303,0.23016296
7304,0.23016296
7305,0.23016296
7308,0.23016296
7313,0.23016296
7314,0.23016296
7321,0.23016296
7322,0.23016296
7327,0.23016296
7333,0.23016296
7336,0.23016296
7339,0.23016296
7341,0.23016296
7346,0.23016296
7347,0.23016296
7349,0.23016296
7351,0.23016296
7353,0.23016296
7363,0.23016296
7364,0.23016296
7368,0.23016296
7370,0.23016296
7375,0.23016296
7376,0.23016296
7379,0.23016296
7382,0.23016296
7384,0.23016296
7385,0.23016296
7387,0.23016296
7388,0.23016296
7389,0.23016296
7394,0.23016296
7396,0.23016296
7398,0.23016296
7399,0.23016296
7401,0.23016296
7404,0.23016296
7406,0.23016296
7409,0.23016296
7411,0.23016296
7417,0.23016296
7420,0.23016296
7422,0.23016296
7423,0.23016296
7427,0.23016296
7429,0.23016296
7432,0.23016296
7435,0.23016296
7436,0.23016296
7440,0.23016296
7441,0.23016296
7445,0.23016296
7448,0.23016296
7449,0.23016296
7450,0.23016296
7454,0.23016296
7455,0.23016296
7460,0.23016296
7462,0.23016296
7464,0.23016296
7466,0.6966346
7468,0.23016296
7469,0.23016296
7471,0.23016296
7472,0.23016296
7483,0.23016296
7484,0.23016296
7485,0.23016296
7486,0.23016296
7487,0.23016296
7489,0.23016296
7492,0.23016296
7495,0.23016296
7499,0.23016296
7500,0.23016296
7506,0.23016296
7508,0.23016296
7509,0.23016296
7511,0.23016296
7516,0.23016296
7524,0.23016296
7538,0.23016296
7539,0.23016296
7541,0.23016296
7546,0.23016296
7549,0.23016296
7562,0.23016296
7564,0.23016296
7567,0.23016296
7572,0.23016296
7574,0.23016296
7575,0.23016296
7586,0.23016296
7592,0.23016296
7596,0.23016296
7597,0.23016296
7599,0.23016296
7606,0.23016296
7615,0.23016296
7618,0.23016296
7620,0.23016296
7624,0.23016296
7625,0.23016296
7629,0.23016296
7632,0.23016296
7636,0.23016296
7637,0.23016296
7646,0.23016296
7655,0.23016296
7658,0.23016296
7660,0.23016296
7664,0.23016296
7665,0.23016296
7666,0.23016296
7667,0.23016296
7673,0.23016296
7676,0.23016296
7682,0.23016296
7684,0.23016296
7690,0.23016296
7697,0.23016296
7700,0.23016296
7704,0.23016296
7705,0.23016296
7706,0.23016296
7708,0.23016296
7709,0.23016296
7710,0.23016296
7713,0.23016296
7716,0.23016296
7726,0.23016296
7729,0.23016296
7730,0.23016296
7732,0.23016296
7734,0.23016296
7740,0.23016296
7741,0.23016296
7745,0.23016296
7757,0.23016296
7762,0.23016296
7770,0.23016296
7776,0.23016296
7777,0.23016296
7778,0.23016296
7779,0.23016296
7782,0.23016296
7786,0.23016296
7791,0.23016296
7792,0.23016296
7794,0.23016296
7795,0.23016296
7796,0.23016296
7798,0.23016296
7805,0.23016296
7806,0.23016296
7808,0.23016296
7811,0.23016296
7814,0.23016296
7819,0.23016296
7820,0.23016296
7825,0.23016296
7829,0.23016296
7834,0.23016296
7836,0.23016296
7838,0.23016296
7841,0.23016296
7845,0.23016296
7846,0.23016296
7853,0.23016296
7856,0.23016296
7858,0.23016296
7859,0.23016296
7866,0.23016296
7875,0.23016296
7879,0.23016296
7884,0.23016296
7886,0.23016296
7890,0.23016296
7892,0.23016296
7896,0.23016296
7899,0.23016296
7900,0.23016296
7901,0.23016296
7904,0.23016296
7911,0.23016296
7917,0.23016296
7919,0.23016296
7920,0.23016296
7921,0.23016296
7922,0.23016296
7925,0.23016296
7927,0.23016296
7928,0.23016296
7931,0.23016296
7942,0.23016296
7946,0.23016296
7947,0.23016296
7948,0.23016296
7951,0.23016296
7956,0.23016296
7961,0.23016296
7964,0.23016296
7966,0.23016296
7967,0.23016296
7974,0.23016296
7975,0.23016296
7979,0.23016296
7985,0.23016296
7986,0.23016296
7993,0.23016296
7995,0.23016296
7997,0.5367693
7998,0.23016296
8004,0.23016296
8007,0.23016296
8011,0.23016296
8014,0.23016296
8022,0.23016296
8027,0.23016296
8033,0.23016296
8041,0.23016296
8042,0.23016296
8046,0.23016296
8048,0.23016296
8050,0.23016296
8051,0.23016296
8052,0.23016296
8053,0.23016296
8054,0.23016296
8059,0.23016296
8063,0.23016296
8072,0.23016296
8075,0.23016296
8076,0.23016296
8077,0.23016296
8078,0.23016296
8080,0.23016296
8082,0.23016296
8086,0.23016296
8090,0.23016296
8092,0.23016296
8093,0.23016296
8099,0.23016296
8104,0.23016296
8107,0.23016296
8108,0.23016296
8114,0.23016296
8115,0.23016296
8117,0.23016296
8123,0.23016296
8124,0.23016296
8127,0.23016296
8132,0.23016296
8134,0.23016296
8139,0.23016296
8145,0.23016296
8148,0.23016296
8151,0.23016296
8152,0.23016296
8153,0.23016296
8157,0.23016296
8160,0.23016296
8166,0.23016296
8167,0.23016296
8173,0.23016296
8174,0.23016296
8178,0.23016296
8179,0.23016296
8185,0.23016296
8186,0.23016296
8192,0.23016296
8193,0.23016296
8194,0.23016296
8197,0.23016296
8198,0.23016296
8199,0.23016296
8200,0.23016296
8206,0.23016296
8207,0.23016296
8220,0.23016296
8222,0.23016296
8227,0.23016296
8228,0.23016296
8229,0.23016296
8230,0.23016296
8233,0.23016296
8248,0.23016296
8249,0.23016296
8255,0.23016296
8260,0.23016296
8263,0.23016296
8265,0.23016296
8268,0.23016296
8269,0.23016296
8272,0.23016296
8273,0.23016296
8275,0.23016296
8277,0.23016296
8281,0.23016296
8282,0.23016296
8290,0.23016296
8293,0.23016296
8299,0.23016296
8302,0.643647
8303,0.643647
8305,0.643647
8306,0.23016296
8307,0.643647
8308,0.643647
8313,0.23016296
8316,0.643647
8319,0.23016296
8322,0.23016296
8323,0.23016296
8325,0.23016296
8326,0.23016296
8327,0.23016296
8328,0.643647
8331,0.643647
8333,0.23016296
8336,0.643647
8338,0.643647
8340,0.643647
8342,0.23016296
8343,0.23016296
8353,0.23016296
8354,0.23016296
8357,0.23016296
8358,0.23016296
8359,0.23016296
8373,0.23016296
8376,0.23016296
8379,0.23016296
8380,0.23016296
8381,0.23016296
8384,0.23016296
8395,0.23016296
8398,0.23016296
8403,0.23016296
8407,0.23016296
8413,0.23016296
8417,0.23016296
8420,0.23016296
8421,0.23016296
8424,0.23016296
8426,0.23016296
8427,0.23016296
8438,0.23016296
8439,0.23016296
8442,0.23016296
8449,0.23016296
8456,0.6826635
8460,0.23016296
8462,0.23016296
8465,0.23016296
8466,0.23016296
8467,0.23016296
8469,0.23016296
8470,0.23016296
8474,0.23016296
8479,0.23016296
8481,0.23016296
8482,0.23016296
8485,0.23016296
8488,0.23016296
8492,0.23016296
8493,0.23016296
8495,0.23016296
8499,0.23016296
8501,0.23016296
8519,0.23016296
8521,0.23016296
8525,0.23016296
8527,0.23016296
8529,0.23016296
8532,0.23016296
8534,0.23016296
8535,0.23016296
8537,0.23016296
8544,0.23016296
8548,0.23016296
8549,0.23016296
8552,0.23016296
8554,0.23016296
8563,0.23016296
8564,0.23016296
8565,0.23016296
8566,0.23016296
8568,0.23016296
8569,0.23016296
8573,0.23016296
8583,0.23016296
8588,0.23016296
8590,0.23016296
8592,0.23016296
8593,0.23016296
8594,0.23016296
8597,0.23016296
8600,0.23016296
8601,0.23016296
8602,0.23016296
8603,0.23016296
8604,0.23016296
8605,0.23016296
8611,0.23016296
8614,0.23016296
8616,0.23016296
8617,0.23016296
8619,0.23016296
8626,0.23016296
8629,0.23016296
8630,0.23016296
8632,0.23016296
8634,0.23016296
8641,0.23016296
8645,0.23016296
8649,0.23016296
8652,0.23016296
8666,0.23016296
8671,0.23016296
8672,0.23016296
8675,0.23016296
8678,0.23016296
8679,0.23016296
8682,0.23016296
8687,0.23016296
8701,0.23016296
8703,0.23016296
8707,0.23016296
8713,0.23016296
8716,0.23016296
8719,0.23016296
8725,0.23016296
8730,0.23016296
8731,0.23016296
8748,0.23016296
8749,0.23016296
8756,0.23016296
8764,0.23016296
8765,0.23016296
8769,0.23016296
8771,0.23016296
8772,0.23016296
8773,0.23016296
8779,0.23016296
8792,0.23016296
8794,0.23016296
8796,0.23016296
8798,0.23016296
8803,0.23016296
8807,0.23016296
8809,0.23016296
8811,0.23016296
8813,0.23016296
8814,0.23016296
8818,0.23016296
8819,0.23016296
8820,0.23016296
8821,0.23016296
8822,0.53092366
8824,0.23016296
8826,0.23016296
8827,0.23016296
8828,0.23016296
8833,0.23016296
8834,0.23016296
8845,0.23016296
8847,0.23016296
8849,0.23016296
8861,0.23016296
8867,0.23016296
8868,0.23016296
8870,0.23016296
8873,0.23016296
8874,0.23016296
8876,0.23016296
8877,0.23016296
8879,0.23016296
8882,0.23016296
8884,0.23016296
8889,0.23016296
8891,0.23016296
8894,0.23016296
8895,0.23016296
8897,0.23016296
8898,0.23016296
8901,0.23016296
8904,0.23016296
8909,0.23016296
8910,0.23016296
8911,0.23016296
8915,0.23016296
8917,0.23016296
8918,0.23016296
8919,0.23016296
8922,0.23016296
8925,0.23016296
8928,0.23016296
8929,0.23016296
8930,0.23016296
8932,0.23016296
8937,0.23016296
8940,0.23016296
8943,0.23016296
8950,0.23016296
8951,0.23016296
8954,0.23016296
8958,0.23016296
8960,0.23016296
8964,0.23016296
8975,0.23016296
8977,0.23016296
8981,0.23016296
8982,0.23016296
8984,0.23016296
8988,0.23016296
8990,0.23016296
8991,0.23016296
8995,0.23016296
8997,0.23016296
9003,0.23016296
9004,0.23016296
9010,0.23016296
9011,0.23016296
9013,0.23016296
9014,0.23016296
9015,0.23016296
9017,0.23016296
9019,0.23016296
9021,0.23016296
9024,0.23016296
9032,0.23016296
9035,0.23016296
9036,0.23016296
9037,0.23016296
9043,0.23016296
9046,0.23016296
9048,0.23016296
9049,0.23016296
9050,0.23016296
9056,0.23016296
9063,0.23016296
9065,0.23016296
9066,0.23016296
9068,0.23016296
9069,0.23016296
9070,0.23016296
9073,0.23016296
9076,0.23016296
9091,0.23016296
9092,0.23016296
9104,0.23016296
9105,0.23016296
9108,0.23016296
9111,0.23016296
9115,0.23016296
9117,0.23016296
9122,0.23016296
9125,0.23016296
9127,0.23016296
9129,0.23016296
9133,0.23016296
9136,0.23016296
9138,0.23016296
9140,0.23016296
9147,0.23016296
9150,0.23016296
9152,0.23016296
9153,0.23016296
9155,0.23016296
9158,0.23016296
9160,0.23016296
9163,0.23016296
9165,0.23016296
9167,0.23016296
9168,0.23016296
9170,0.23016296
9176,0.23016296
9178,0.23016296
9184,0.23016296
9186,0.23016296
9188,0.23016296
9189,0.23016296
9190,0.23016296
9196,0.23016296
9198,0.23016296
9199,0.23016296
9200,0.23016296
9201,0.23016296
9202,0.23016296
9204,0.23016296
9205,0.23016296
9213,0.23016296
9214,0.23016296
9224,0.23016296
9227,0.23016296
9228,0.23016296
9229,0.23016296
9234,0.23016296
9236,0.23016296
9241,0.23016296
9243,0.23016296
9245,0.23016296
9256,0.23016296
9258,0.23016296
9261,0.23016296
9274,0.23016296
9279,0.23016296
9282,0.23016296
9284,0.23016296
9285,0.23016296
9291,0.23016296
9295,0.23016296
9299,0.23016296
9302,0.23016296
9304,0.23016296
9305,0.23016296
9306,0.23016296
9310,0.23016296
9312,0.23016296
9316,0.23016296
9318,0.23016296
9323,0.23016296
9326,0.23016296
9327,0.23016296
9328,0.23016296
9331,0.23016296
9335,0.23016296
9336,0.23016296
9340,0.23016296
9349,0.23016296
9352,0.23016296
9353,0.23016296
9354,0.23016296
9356,0.23016296
9357,0.23016296
9358,0.23016296
9359,0.23016296
9364,0.23016296
9366,0.23016296
9369,0.23016296
9370,0.23016296
9379,0.23016296
9381,0.23016296
9383,0.23016296
9389,0.23016296
9390,0.23016296
9392,0.23016296
9394,0.23016296
9398,0.23016296
9399,0.23016296
9400,0.23016296
9407,0.23016296
9409,0.23016296
9412,0.23016296
9413,0.23016296
9415,0.23016296
9419,0.23016296
9423,0.23016296
9424,0.23016296
9426,0.23016296
9427,0.23016296
9428,0.23016296
9429,0.23016296
9433,0.23016296
9437,0.23016296
9440,0.23016296
9442,0.23016296
9443,0.23016296
9444,0.23016296
9447,0.23016296
9459,0.23016296
9461,0.23016296
9462,0.23016296
9464,0.23016296
9473,0.23016296
9475,0.23016296
9476,0.23016296
9477,0.23016296
9478,0.23016296
9479,0.23016296
9483,0.23016296
9487,0.23016296
9494,0.23016296
9497,0.23016296
9498,0.23016296
9506,0.23016296
9512,0.23016296
9514,0.23016296
9515,0.23016296
9516,0.23016296
9517,0.23016296
9518,0.23016296
9521,0.23016296
9523,0.23016296
9527,0.23016296
9528,0.23016296
9530,0.23016296
9532,0.23016296
9534,0.23016296
9535,0.23016296
9536,0.23016296
9543,0.23016296
9544,0.23016296
9545,0.23016296
9546,0.23016296
9549,0.23016296
9558,0.23016296
9560,0.23016296
9561,0.23016296
9570,0.23016296
9573,0.56268513
9578,0.23016296
9584,0.23016296
9587,0.23016296
9588,0.23016296
9599,0.23016296
9601,0.23016296
9604,0.23016296
9614,0.23016296
9615,0.23016296
9621,0.23016296
9622,0.23016296
9623,0.23016296
9624,0.23016296
9626,0.23016296
9628,0.23016296
9630,0.23016296
9631,0.23016296
9633,0.23016296
9635,0.23016296
9637,0.23016296
9641,0.23016296
9647,0.23016296
9648,0.23016296
9649,0.23016296
9658,0.23016296
9662,0.23016296
9668,0.23016296
9671,0.23016296
9676,0.23016296
9677,0.23016296
9679,0.23016296
9682,0.23016296
9685,0.23016296
9689,0.23016296
9692,0.23016296
9693,0.23016296
9694,0.23016296
9696,0.23016296
9700,0.23016296
9711,0.23016296
9713,0.23016296
9720,0.23016296
9721,0.23016296
9725,0.23016296
9726,0.23016296
9727,0.23016296
9735,0.23016296
9740,0.23016296
9742,0.23016296
9743,0.23016296
9747,0.23016296
9748,0.23016296
9751,0.23016296
9758,0.23016296
9767,0.23016296
9768,0.23016296
9773,0.23016296
9777,0.23016296
9781,0.23016296
9784,0.23016296
9786,0.23016296
9789,0.23016296
9792,0.23016296
9793,0.23016296
9798,0.23016296
9799,0.23016296
9802,0.23016296
9803,0.23016296
9804,0.23016296
9805,0.23016296
9807,0.23016296
9809,0.23016296
9811,0.23016296
9814,0.23016296
9817,0.23016296
9821,0.23016296
9824,0.23016296
9825,0.23016296
9827,0.23016296
9839,0.23016296
9840,0.23016296
9843,0.23016296
9844,0.23016296
9845,0.23016296
9847,0.23016296
9848,0.23016296
9851,0.23016296
9852,0.23016296
9855,0.23016296
9856,0.23016296
9863,0.23016296
9867,0.23016296
9871,0.23016296
9876,0.23016296
9879,0.23016296
9882,0.23016296
9891,0.23016296
9892,0.23016296
9893,0.23016296
9895,0.23016296
9899,0.23016296
9900,0.23016296
9902,0.23016296
9903,0.23016296
9904,0.23016296
9908,0.23016296
9913,0.23016296
9914,0.23016296
9917,0.23016296
9922,0.23016296
9924,0.23016296
9926,0.23016296
9927,0.23016296
9928,0.23016296
9929,0.23016296
9936,0.23016296
9939,0.23016296
9947,0.23016296
9951,0.23016296
9954,0.23016296
9956,0.23016296
9957,0.23016296
9959,0.23016296
9962,0.23016296
9964,0.23016296
9966,0.23016296
9968,0.23016296
9969,0.23016296
9970,0.23016296
9975,0.23016296
9977,0.23016296
9981,0.23016296
9993,0.23016296
9996,0.23016296
9997,0.23016296
9999,0.23016296
10002,0.23016296
10007,0.23016296
10015,0.23016296
10019,0.23016296
10022,0.23016296
10024,0.23016296
10026,0.23016296
10033,0.23016296
10043,0.23016296
10046,0.23016296
10051,0.23016296
10053,0.23016296
10062,0.23016296
10063,0.23016296
10065,0.23016296
10068,0.23016296
10078,0.23016296
10086,0.23016296
10094,0.23016296
10095,0.23016296
10096,0.23016296
10097,0.23016296
10103,0.23016296
10104,0.23016296
10108,0.23016296
10122,0.23016296
10123,0.23016296
10128,0.23016296
10131,0.23016296
10133,0.23016296
10134,0.23016296
10135,0.23016296
10145,0.23016296
10148,0.23016296
10154,0.23016296
10155,0.23016296
10158,0.23016296
10160,0.23016296
10161,0.23016296
10162,0.23016296
10165,0.23016296
10166,0.23016296
10167,0.23016296
10170,0.23016296
10178,0.23016296
10180,0.23016296
10181,0.23016296
10185,0.23016296
10188,0.23016296
10190,0.23016296
10196,0.23016296
10200,0.23016296
10205,0.23016296
10211,0.23016296
10216,0.23016296
10219,0.23016296
10221,0.23016296
10225,0.23016296
10227,0.23016296
10228,0.23016296
10230,0.23016296
10232,0.23016296
10233,0.23016296
10235,0.23016296
10238,0.23016296
10240,0.23016296
10242,0.23016296
10248,0.23016296
10254,0.23016296
10257,0.23016296
10261,0.23016296
10262,0.23016296
10266,0.23016296
10267,0.23016296
10271,0.23016296
10277,0.23016296
10279,0.23016296
10281,0.23016296
10282,0.23016296
10285,0.23016296
10292,0.23016296
10298,0.23016296
10300,0.23016296
10309,0.23016296
10311,0.23016296
10312,0.23016296
10319,0.23016296
10324,0.23016296
10326,0.23016296
10328,0.23016296
10343,0.23016296
10346,0.23016296
10347,0.23016296
10353,0.23016296
10354,0.23016296
10356,0.23016296
10357,0.23016296
10362,0.23016296
10363,0.23016296
10370,0.23016296
10373,0.23016296
10386,0.23016296
10388,0.23016296
10389,0.23016296
10391,0.23016296
10397,0.23016296
10400,0.23016296
10403,0.23016296
10404,0.23016296
10408,0.23016296
10417,0.23016296
10425,0.23016296
10435,0.23016296
10437,0.23016296
10438,0.23016296
10440,0.23016296
10442,0.23016296
10447,0.23016296
10452,0.23016296
10453,0.23016296
10454,0.23016296
10459,0.23016296
10460,0.23016296
10463,0.23016296
10465,0.23016296
10469,0.23016296
10474,0.23016296
10475,0.23016296
10476,0.23016296
10477,0.23016296
10480,0.23016296
10491,0.23016296
10493,0.23016296
10494,0.23016296
10495,0.23016296
10497,0.23016296
10501,0.23016296
10504,0.23016296
10507,0.23016296
10509,0.23016296
10510,0.23016296
10512,0.23016296
10514,0.23016296
10526,0.23016296
10528,0.23016296
10530,0.23016296
10531,0.23016296
10532,0.23016296
10538,0.23016296
10539,0.23016296
10542,0.23016296
10547,0.23016296
10549,0.23016296
10556,0.23016296
10569,0.23016296
10572,0.23016296
10577,0.23016296
10579,0.23016296
10586,0.23016296
10594,0.23016296
10595,0.23016296
10597,0.23016296
10602,0.23016296
10604,0.23016296
10614,0.23016296
10617,0.23016296
10618,0.23016296
10619,0.23016296
10624,0.23016296
10633,0.23016296
10634,0.23016296
10635,0.23016296
10638,0.23016296
10639,0.23016296
10642,0.23016296
10643,0.23016296
10645,0.23016296
10646,0.23016296
10649,0.23016296
10652,0.23016296
10653,0.23016296
10654,0.23016296
10661,0.23016296
10664,0.23016296
10668,0.23016296
10670,0.23016296
10674,0.23016296
10683,0.23016296
10694,0.23016296
10697,0.23016296
10699,0.23016296
10701,0.23016296
10703,0.23016296
10713,0.23016296
10714,0.23016296
10716,0.23016296
10717,0.23016296
10719,0.23016296
10725,0.23016296
10728,0.23016296
10734,0.23016296
10738,0.23016296
10740,0.23016296
10742,0.23016296
10756,0.23016296
10757,0.23016296
10758,0.23016296
10761,0.23016296
10762,0.23016296
10773,0.23016296
10778,0.23016296
10781,0.23016296
10791,0.643647
10792,0.23016296
10796,0.23016296
10797,0.23016296
10801,0.23016296
10804,0.23016296
10806,0.643647
10807,0.23016296
10816,0.23016296
10820,0.23016296
10828,0.23016296
10836,0.23016296
10838,0.23016296
10845,0.23016296
10856,0.23016296
10857,0.23016296
10858,0.23016296
10861,0.23016296
10865,0.23016296
10868,0.23016296
10874,0.23016296
10875,0.23016296
